Metric,Prompt ID,Condition,Mean,Median,Std Dev,IQR,Min,Max
bleu_score,SSP1,Novel,0.06126735596862204,0.06199560793902809,0.018263138073886343,0.030907572297206747,0.037338109195819,0.09247869021001623
bleu_score,SSP1,Base,0.05334729608106301,0.05365036293543597,0.005218227729813803,0.007925162328236868,0.04505298239573264,0.060333385494451545
bleu_score,SSP2,Novel,0.054392877553543315,0.05429387230968438,0.008174730179757535,0.013864671627564662,0.04469237375809087,0.0663697598733481
bleu_score,SSP2,Base,0.048803850072699065,0.04706960845127929,0.015003900839005343,0.024166582882290386,0.029546150902274353,0.07472094833505666
bleu_score,SSP3,Novel,0.04253453591915424,0.04234767165856228,0.00771092631300722,0.011501745632164391,0.032190746504837636,0.05437048397340529
bleu_score,SSP3,Base,0.04838263179606028,0.049076790004861204,0.011296055574338297,0.011474327021183985,0.030369509796575954,0.06707130955201068
bleu_score,SSP4,Novel,0.03277303781986831,0.030203686012772023,0.008220118909229154,0.01045633840422222,0.019707488807900842,0.04642457166680086
bleu_score,SSP4,Base,0.03598416861859337,0.035461795635809784,0.008391689258103333,0.011952952966686903,0.027677459563293743,0.05317465504742005
bleu_score,SSP5,Novel,0.04220400160694249,0.04336736832913279,0.00617727125379811,0.005517542570167386,0.03332307516901834,0.054414435815682255
bleu_score,SSP5,Base,0.03129558183377119,0.03183282916395008,0.007979209252205877,0.012441281356761182,0.020159945822208248,0.043023355236538
bleu_score,SSP6,Novel,0.046205861463708704,0.04713490952080303,0.011008435803909705,0.014026798726594333,0.025197667144972725,0.05941959543634293
bleu_score,SSP6,Base,0.024093811895751313,0.024795508065262296,0.008369096691916019,0.010629940207813764,0.009279992150164123,0.03484209094761903
bleu_score,SSP7,Novel,0.04333115534236915,0.04109676929716193,0.010328995272524408,0.008401791902412713,0.02646584985209756,0.06075698775609713
bleu_score,SSP7,Base,0.037147360058171874,0.03371190306827976,0.007402553389838711,0.010517637488270198,0.028481951727917364,0.05098331818392292
bleu_score,SSP8,Novel,0.04599302835394891,0.04913938375824471,0.01049789835099616,0.01292898861995502,0.02508488789742394,0.05911794958249251
bleu_score,SSP8,Base,0.04559663305397431,0.042767024676600554,0.008575192474640721,0.013956080981602476,0.03745761161204681,0.059934597227921035
bleu_score,SSP9,Novel,0.03949586046316779,0.037676691765403045,0.01161156606407662,0.008564686167345702,0.019249918957919106,0.060753519994597854
bleu_score,SSP9,Base,0.03930246831247021,0.036916955488972045,0.010839167668179144,0.014039020612965032,0.02472651647340678,0.058150901248495444
bleu_score,SSP10,Novel,0.01947545368306084,0.016994704362363538,0.007433104061287771,0.006510958570357387,0.013111733062190328,0.03827760181762252
bleu_score,SSP10,Base,0.021006055003412537,0.020997981594918225,0.003641845535734719,0.0055465466521303144,0.01645146811976552,0.026715225905008272
bleu_score,CEP1,Novel,0.06762782505401091,0.0694186244256785,0.01159907961453591,0.016586920985363893,0.04820440531952979,0.08091009842363504
bleu_score,CEP1,Base,0.049935888401112904,0.05193624577110045,0.013982168994752438,0.018204640240655788,0.03139308020563795,0.07393107564691115
bleu_score,CEP2,Novel,0.06039874490056074,0.0602483472946713,0.010969857717922919,0.017153398302509656,0.04789708645076046,0.07844437683416841
bleu_score,CEP2,Base,0.05334149250390531,0.050088711499516714,0.014616108219021592,0.024545605963169875,0.03616848115459612,0.07665184503612503
bleu_score,CEP3,Novel,0.06107248779387695,0.05672934226512004,0.014378122181191997,0.008828713459260153,0.04291953436589833,0.0964241224088784
bleu_score,CEP3,Base,0.05044638400587849,0.0517048588280537,0.015102696722958733,0.013574938592074079,0.025802088651178116,0.0748150362317702
bleu_score,CEP4,Novel,0.0543932036980629,0.05571151944247756,0.015491779038668574,0.029313793149959008,0.035904882035604706,0.07482721562214666
bleu_score,CEP4,Base,0.06273593412301201,0.05923782057598075,0.01662144810439887,0.021833817203195882,0.034171757097499145,0.08625622548581065
bleu_score,CEP5,Novel,0.053712616306035445,0.05276568980362667,0.013173181503836676,0.009870522671629751,0.02378927711229444,0.07084571451973948
bleu_score,CEP5,Base,0.05063983222345172,0.05024865121724148,0.007927889207616693,0.006696824960086049,0.03976552427657396,0.06400534179008359
bleu_score,CEP6,Novel,0.02492564415275423,0.021891304646374926,0.007409905362097039,0.009466202661014621,0.017295172540857863,0.03895599052096943
bleu_score,CEP6,Base,0.026769961920707613,0.025653034217978158,0.007487403148662648,0.011776990975971374,0.016101574382446564,0.03743510128006856
bleu_score,CEP7,Novel,0.05775636831428137,0.05649279720851384,0.010685392225815583,0.012381766835588136,0.03666026072052168,0.07285247148649535
bleu_score,CEP7,Base,0.041241988394186684,0.04645279365249233,0.013278670794576697,0.02246826362385329,0.021751692519937922,0.0575819788870146
bleu_score,CEP8,Novel,0.029742765172592982,0.02646333710192317,0.011362925394497436,0.011204651883514619,0.01828881578264465,0.05024025941547359
bleu_score,CEP8,Base,0.03839715189967619,0.036715538176130685,0.014542059126730577,0.016930367200597603,0.019622971939077437,0.0623849593165018
bleu_score,CEP9,Novel,0.06429423699714464,0.06193356749418477,0.014350756227985385,0.02502952258961076,0.04504209518495532,0.08511988740885106
bleu_score,CEP9,Base,0.05851971284195266,0.057719460500111536,0.014368561669008227,0.015419443302753223,0.04241372386576103,0.09013015778954919
bleu_score,CEP10,Novel,0.06066949320492486,0.06013276514511694,0.007306401030628205,0.007526316886377976,0.05275113501326251,0.0776795027530259
bleu_score,CEP10,Base,0.04875283496027351,0.04777803227189638,0.010493060442208072,0.014329333705184036,0.030662882556706583,0.06398287695913289
bleu_score,CT1,Novel,0.03156169613577828,0.031316037525516684,0.007693157683440382,0.005205823780817655,0.01444730816167476,0.043584782437974964
bleu_score,CT1,Base,0.0279083072085131,0.023760656453401578,0.012175850600235856,0.019981121292927617,0.014426100674418003,0.04687899135797707
bleu_score,CT2,Novel,0.04521061453157464,0.04605611059383745,0.011800818836576946,0.012260657954338706,0.028189022425328385,0.06672978444265223
bleu_score,CT2,Base,0.036526370389987864,0.035954227180761356,0.006856406632820454,0.011092867242919732,0.027091436769331925,0.045967679179169774
bleu_score,CT3,Novel,0.048232719986560695,0.04409675995191281,0.014688902334064696,0.01716208330798087,0.028212000952112525,0.07261796502016328
bleu_score,CT3,Base,0.05282182577257836,0.051623476573583016,0.012920859198175861,0.01625452472372834,0.040094687294804546,0.08176209474477757
bleu_score,CT4,Novel,0.04620893632030661,0.04588865525191245,0.012613994414220953,0.00931059584143526,0.023757836541074134,0.06577408109533195
bleu_score,CT4,Base,0.04121445614153524,0.03444564345275867,0.01661863831151946,0.024019809939500737,0.0173738801720222,0.06809517762751803
bleu_score,CT5,Novel,0.05398185027022945,0.05525776392641063,0.011745650925853463,0.01690943758926742,0.036641979951005835,0.06982924064635052
bleu_score,CT5,Base,0.0484449565223507,0.04810245574200317,0.008439850540417392,0.011421363944348097,0.03570173501139235,0.060864846412814616
bleu_score,CT6,Novel,0.05370424751017198,0.05624263352575802,0.016312251684563198,0.02402493707212669,0.03469350211632603,0.08063358349754567
bleu_score,CT6,Base,0.043075019407738405,0.04291148875833428,0.009407372855033016,0.00745073068589637,0.02069386604212078,0.054660757441762
bleu_score,CT7,Novel,0.03250499256380503,0.033703622800192484,0.006818005433727491,0.010546672228686861,0.022228800004533103,0.04033455529822679
bleu_score,CT7,Base,0.03038391989668774,0.03128226841076939,0.00725198733733944,0.006724399555279467,0.015063555592571285,0.04114150258553446
bleu_score,CT8,Novel,0.05332923741841986,0.055779576414951765,0.011220370113483674,0.01946622807366767,0.03774079380339693,0.06703163980847388
bleu_score,CT8,Base,0.04097817405802996,0.04364855474413391,0.010729210823274786,0.011925665666535079,0.023608594608234824,0.05842044199668715
bleu_score,CT9,Novel,0.06147196736249142,0.05906648244896176,0.012970090439300336,0.008303261467501995,0.04613167771116651,0.08771657827563975
bleu_score,CT9,Base,0.04682435589880311,0.049655760295056445,0.0111762467624849,0.0081762096373066,0.028029966369746542,0.06805157281057451
bleu_score,CT10,Novel,0.0651994137308057,0.064404936397196,0.01747379768265659,0.0252558344500826,0.034828807317388605,0.08653306039018326
bleu_score,CT10,Base,0.04799839746638686,0.04915376420265429,0.018073344263816703,0.019990308614546537,0.02112634228147545,0.08249498563720019
bleu_score,EXP1,Novel,0.028822635000940254,0.030406544276555765,0.007727284316270613,0.008942908012555928,0.01615669772682133,0.042134673582363516
bleu_score,EXP1,Base,0.027650745583207764,0.02881337373600764,0.00867054138342198,0.010461212122487462,0.013320068643306949,0.042330286794686624
bleu_score,EXP2,Novel,0.04457385534570462,0.046893767535718875,0.010403211746355619,0.014649271341129103,0.028685860801071786,0.058558192657820515
bleu_score,EXP2,Base,0.05764081056376076,0.058070380581671105,0.011058159124338066,0.015153862949034501,0.04041336114948517,0.07164669833512836
bleu_score,EXP3,Novel,0.03046433490555986,0.030210982557406507,0.007423940946350892,0.009033984551681102,0.01808946833934548,0.042944889113992905
bleu_score,EXP3,Base,0.040741953712297566,0.0408011798068883,0.01096514948536188,0.013711324435767308,0.02339193189550709,0.05953251825805566
bleu_score,EXP4,Novel,0.05493116848871097,0.057525011765767284,0.010331459607312226,0.013892739272644589,0.039101185339863447,0.07256010399616124
bleu_score,EXP4,Base,0.07101696457771915,0.06928523047904718,0.016945784454818216,0.013412661501823228,0.042567906707336775,0.10914826711491261
bleu_score,EXP5,Novel,0.052090179519884275,0.0525455465265853,0.012444130663480329,0.01757879127458549,0.02966544118770588,0.07034383171037925
bleu_score,EXP5,Base,0.040632466352040326,0.03707988713307306,0.01712793384763863,0.02584523741191233,0.02334192206426973,0.07229719300109452
bleu_score,EXP6,Novel,0.04226251328992945,0.043433405407223805,0.011358824714400459,0.012115022643458276,0.021851298024752663,0.061577722525683116
bleu_score,EXP6,Base,0.05158715226526518,0.04954844688966927,0.011332754063510968,0.007345852754259252,0.037910611424445836,0.0787624146489015
bleu_score,EXP7,Novel,0.08012542517340927,0.07830806807302919,0.011466923384279078,0.011906860071752831,0.06114099393140956,0.09957208263666957
bleu_score,EXP7,Base,0.07906551792724442,0.07769746234369847,0.010226068779015211,0.006448840225661959,0.06417850445609075,0.0987995338020013
bleu_score,EXP8,Novel,0.03162048558725905,0.03259388504474306,0.007847235027512556,0.012105928854256886,0.020160089654494992,0.04219858728115447
bleu_score,EXP8,Base,0.052963758517490064,0.05483942777600846,0.01430747878227352,0.018746972654516955,0.029584546886364013,0.072339368238139
bleu_score,EXP9,Novel,0.05142673639504229,0.04848871565763031,0.012082698833217729,0.020200995797456836,0.03550276172857812,0.07064315363874538
bleu_score,EXP9,Base,0.06698896464549359,0.06406766247683436,0.011993356985498785,0.016580929315606036,0.050659006071615977,0.08703771065726038
bleu_score,EXP10,Novel,0.04377786077415502,0.04456947742805055,0.009976554706172092,0.006404509838005716,0.024597849808034058,0.05787205857532889
bleu_score,EXP10,Base,0.05563365053672268,0.056346021032183405,0.012061236988492178,0.019358898588296487,0.03967977732298386,0.07387787479644217
bleu_score,POP1,Novel,0.038515569411686254,0.039698945003045015,0.009461686650079099,0.005717105167933646,0.021800741144072294,0.05473644693194951
bleu_score,POP1,Base,0.04897249053142834,0.05052423848424478,0.007845139530762059,0.005519697867651552,0.03133385610283915,0.060865139159451784
bleu_score,POP2,Novel,0.03102464249503099,0.02756277875171241,0.00881659084051956,0.01585600133369151,0.021615963298907748,0.043521067653823305
bleu_score,POP2,Base,0.02740018703357855,0.026937883978214228,0.005627989262144283,0.005843183495332836,0.01902193212998567,0.03915763088676973
bleu_score,POP3,Novel,0.05069376676716826,0.04906796874160037,0.007820464862190069,0.01106640800057341,0.03868610406357079,0.06203218084789239
bleu_score,POP3,Base,0.04427632556187198,0.04467734073287097,0.012530388310238146,0.013094514826085611,0.02274413220164944,0.06656157436181231
bleu_score,POP4,Novel,0.027592783312440028,0.027225570309609877,0.00630906440454494,0.00424276215717713,0.016504560420502197,0.040315249937838395
bleu_score,POP4,Base,0.019198400974495107,0.01840290098231947,0.004733257618618802,0.003751240147038891,0.014465296405237676,0.02973422959490068
bleu_score,POP5,Novel,0.03785093072464471,0.03894401556861056,0.009949149046134505,0.012741505314396245,0.0217493654918831,0.052362240580537976
bleu_score,POP5,Base,0.05705989653469212,0.05710919718568775,0.008604685532737204,0.010840875169882705,0.04179864161202488,0.07279494943103527
bleu_score,POP6,Novel,0.04737274310132888,0.047167619492907986,0.005545678534371664,0.006092501909663504,0.038266407352663664,0.056331855967570864
bleu_score,POP6,Base,0.06688338822238037,0.06642493571717054,0.010181101345059833,0.007646112792992446,0.04961202592142304,0.08123840146933965
bleu_score,POP7,Novel,0.0792893906516248,0.08185282149040808,0.010985038919504007,0.016350777682404227,0.06021909119301906,0.09594549718942844
bleu_score,POP7,Base,0.06841279596982913,0.06954866974959237,0.015053396250887809,0.011689679606190967,0.042552613077348436,0.09059946061245677
bleu_score,POP8,Novel,0.0601973910381592,0.05609072433877314,0.015645817638746142,0.024612447038380773,0.040951172507634984,0.0881028704941622
bleu_score,POP8,Base,0.0519395512723259,0.058172495578583644,0.016101455350604168,0.02709621660805444,0.0324301766061206,0.07760603613160648
bleu_score,POP9,Novel,0.046615755562673805,0.04521597067858535,0.010664104179031924,0.01574482024748406,0.03068643159223846,0.06362232316254694
bleu_score,POP9,Base,0.05645894240029391,0.05786422799906077,0.010234673122921891,0.016897715092782623,0.039587188587687665,0.06824411771528449
bleu_score,POP10,Novel,0.048124706780249896,0.04513047939057946,0.00912624528228054,0.012681293916272762,0.03586749292493881,0.06281802379130849
bleu_score,POP10,Base,0.043592023420724615,0.044613187237528676,0.009187615687652662,0.010407834364836853,0.025712603003589775,0.05967389804833109
bleu_score,PSP1,Novel,0.048976790151726304,0.04966789350544963,0.010168397245384427,0.008712142066858428,0.031177645853342352,0.0663553318533541
bleu_score,PSP1,Base,0.038806896262800025,0.03774586204830599,0.012241410568574125,0.016065588147727777,0.019306879349381852,0.06018554925305294
bleu_score,PSP2,Novel,0.042951361384310466,0.04315367948555804,0.006562756378223833,0.004983671897860489,0.032260611702343484,0.05450459497788429
bleu_score,PSP2,Base,0.05304239814469941,0.05272565324928827,0.008121535979374296,0.01387618967880113,0.04285070571094814,0.06375236187057017
bleu_score,PSP3,Novel,0.054306710971066444,0.053567085475693305,0.012487076112251584,0.007941498901642294,0.03882345277171413,0.08403986537519761
bleu_score,PSP3,Base,0.06269275393199697,0.06392097554519467,0.011319024060253735,0.013693132784362724,0.0403049362661834,0.07881233693948765
bleu_score,PSP4,Novel,0.09260250033707311,0.08996337387192824,0.01800414843884706,0.023744319410846176,0.06060279987685154,0.12021375424159585
bleu_score,PSP4,Base,0.10497595394057382,0.10101755292325236,0.012455682965668687,0.015890831644622003,0.09073978528440249,0.12695220878646293
bleu_score,PSP5,Novel,0.07564659100258896,0.07422085580678459,0.012196193636765417,0.012496237240370564,0.057265214104515044,0.09852826557381059
bleu_score,PSP5,Base,0.0654484780920165,0.06408949521006356,0.017532065717731176,0.0301072513488142,0.043468934461213395,0.09309376427282004
bleu_score,PSP6,Novel,0.04720291474510514,0.04603126820517357,0.008162339855270368,0.011216068742221807,0.03636960894657949,0.06176170337146784
bleu_score,PSP6,Base,0.05020200294277295,0.0516719637600742,0.011295701510128719,0.01384492315155561,0.02693961373556152,0.06242593002879089
bleu_score,PSP7,Novel,0.04596550444446133,0.04576457193871673,0.00499961247901948,0.004347823922805576,0.0380952187290961,0.05389032124272485
bleu_score,PSP7,Base,0.052596732366089305,0.05798390709272375,0.013249889998995578,0.018624197326090358,0.03289781404371689,0.07138558879221918
bleu_score,PSP8,Novel,0.037664182497732776,0.0389630617165811,0.0042447118318073565,0.003252888290256044,0.028425840134021805,0.041687475666860714
bleu_score,PSP8,Base,0.043572100923353854,0.039881096573581035,0.01277011153074217,0.019163357503343928,0.025906463743076924,0.059674916777430864
bleu_score,PSP9,Novel,0.042517470807522044,0.04156261325933214,0.010032456919776748,0.008801673023728099,0.027561927994549276,0.060584474670550434
bleu_score,PSP9,Base,0.03753730477798758,0.03957218046696814,0.008806345502737166,0.011666368273655588,0.019760989045029462,0.04963129849166855
bleu_score,PSP10,Novel,0.03166278519463803,0.032538714875300724,0.013053461102866261,0.020311635237539954,0.017447410716820135,0.05227669465278922
bleu_score,PSP10,Base,0.06000076987649505,0.05761310662850291,0.008418044463479758,0.01224346658982254,0.046025737009048696,0.0725376847794212
rouge_1,SSP1,Novel,0.5380242645885573,0.5409282778367894,0.03355786202672994,0.030832310543570274,0.46468926553672313,0.5834502103786817
rouge_1,SSP1,Base,0.5115861012186024,0.5125832053251408,0.0175091027578742,0.014906073838754863,0.47715736040609136,0.5393430099312452
rouge_1,SSP2,Novel,0.5282201374561409,0.5326448558500269,0.025834544572833254,0.03538605094645586,0.4766283524904215,0.5562632696390659
rouge_1,SSP2,Base,0.5020308392891615,0.5058555852751836,0.02117625816857888,0.01725983025233313,0.4594389689158453,0.5307917888563051
rouge_1,SSP3,Novel,0.5079153887173533,0.5051042377776611,0.02883595573003588,0.04395590595976273,0.47007299270072994,0.5543710021321961
rouge_1,SSP3,Base,0.5122994263274955,0.5147338490583413,0.022298451718641536,0.024877980996616644,0.4827586206896551,0.5551443375277573
rouge_1,SSP4,Novel,0.3914580320769576,0.39039127053014844,0.023337719804826924,0.027158361609737225,0.34906367041198505,0.4334763948497854
rouge_1,SSP4,Base,0.42706068457214175,0.42096838735494196,0.01833492788206899,0.02193664114326699,0.3981623277182236,0.45481481481481484
rouge_1,SSP5,Novel,0.49201238082478777,0.4910427655295412,0.02995864292565967,0.008245105497951488,0.44554455445544555,0.540755467196819
rouge_1,SSP5,Base,0.4455592685478641,0.44623375200505355,0.02055935632540338,0.02646915195027566,0.4163512490537472,0.48079658605974396
rouge_1,SSP6,Novel,0.49023198162943,0.4899140284355106,0.01721190692339783,0.025285810317175916,0.46632874728457635,0.5143266475644699
rouge_1,SSP6,Base,0.4756055045217309,0.48426622945104747,0.02592475084054343,0.02272858786992843,0.40898155573376105,0.4952076677316294
rouge_1,SSP7,Novel,0.4857208589434595,0.48653559146064496,0.020094582460995047,0.03162122559732072,0.4623338257016248,0.5216792842395044
rouge_1,SSP7,Base,0.47945920181805046,0.4785464830603249,0.025236929169451403,0.02985718105224955,0.44259567387687193,0.5308194343727338
rouge_1,SSP8,Novel,0.4596020126648391,0.45718065024710575,0.018240112404761116,0.020639784692383423,0.42532690984170685,0.48748353096179187
rouge_1,SSP8,Base,0.4829045670211932,0.481343787636347,0.014300256228808036,0.024436188605163278,0.46426043878273177,0.5027777777777778
rouge_1,SSP9,Novel,0.4690423372942577,0.46559704374630967,0.019827688848637344,0.03468135812841583,0.4463061690784462,0.5003779289493575
rouge_1,SSP9,Base,0.4630877758233212,0.4638147407471814,0.02012295538705318,0.02694340190456701,0.4311475409836065,0.4968553459119497
rouge_1,SSP10,Novel,0.40099346272990893,0.39600920951650037,0.01404452364338543,0.016509138652556377,0.3832528180354267,0.4280331574981161
rouge_1,SSP10,Base,0.4123164101846184,0.4117948717948718,0.014921552489355104,0.01855079121515324,0.38709677419354843,0.43434343434343436
rouge_1,CEP1,Novel,0.542342742590913,0.5391705748178544,0.011829924999348752,0.010231040429006577,0.526527871054399,0.5660621761658031
rouge_1,CEP1,Base,0.5165818973335398,0.5139900399491155,0.03227820048688869,0.03785286336361726,0.46456140350877184,0.5743243243243242
rouge_1,CEP2,Novel,0.5068931888648325,0.507735649945351,0.008064794308216328,0.013448207191853023,0.49366144668158096,0.5157593123209169
rouge_1,CEP2,Base,0.514536478606028,0.5160493682835374,0.020125491429873712,0.02407252568121676,0.47217537942664417,0.5384615384615383
rouge_1,CEP3,Novel,0.5037291607533061,0.5054061247234558,0.016187916939578814,0.016898771504156418,0.48305084745762716,0.5317348377997179
rouge_1,CEP3,Base,0.5005585876072102,0.5048720069459018,0.020189364073276855,0.022717490867375068,0.4665161775771257,0.5254730713245997
rouge_1,CEP4,Novel,0.5014399981912254,0.4953826659028971,0.025800618911040154,0.03975037814830723,0.47172619047619047,0.5475671750181553
rouge_1,CEP4,Base,0.5130926051678684,0.5059310744008877,0.02632484769946963,0.028621724920073144,0.4720692368214005,0.553623188405797
rouge_1,CEP5,Novel,0.4909352760716258,0.4915288696123611,0.030930181290051324,0.029264055788513932,0.4393939393939394,0.5378514780100937
rouge_1,CEP5,Base,0.4836008270046527,0.4849686410360911,0.029175040188970894,0.029197313838376926,0.4298642533936652,0.5324180015255531
rouge_1,CEP6,Novel,0.4399598058777646,0.44176906337238697,0.01954819731972144,0.030208054176071752,0.4121306376360809,0.46981818181818186
rouge_1,CEP6,Base,0.4387901618289532,0.43834870566409423,0.026611290109839314,0.025727388728631784,0.38902340597255847,0.48270787343635024
rouge_1,CEP7,Novel,0.516296010656906,0.5097599577947771,0.011717153111392419,0.022050775529995126,0.5043478260869566,0.5318352059925093
rouge_1,CEP7,Base,0.5074215741804026,0.5112187666986003,0.013727577659223758,0.017721506308913504,0.47927031509121065,0.5246671887235709
rouge_1,CEP8,Novel,0.47709144326840225,0.47579258976317795,0.019129009644818604,0.03360725783302598,0.4512987012987013,0.5026902382782475
rouge_1,CEP8,Base,0.5008696309156312,0.5004612959057813,0.016630018320803994,0.015989904807361344,0.4630281690140845,0.5238095238095237
rouge_1,CEP9,Novel,0.5056909911954575,0.5077551038141208,0.017155753842689858,0.012112928550144675,0.4650077760497667,0.5250737463126843
rouge_1,CEP9,Base,0.5058986077281699,0.5110031773881227,0.021156186140366115,0.027844051312943763,0.46897663174858983,0.5389221556886228
rouge_1,CEP10,Novel,0.5468078419288925,0.551181353697275,0.015658109872363588,0.021321791112354882,0.5218702865761689,0.5682492581602374
rouge_1,CEP10,Base,0.537630105496657,0.5364782214880864,0.013925826790683053,0.02042787120365608,0.5120385232744783,0.5542359461599365
rouge_1,CT1,Novel,0.4498696069818367,0.44458608831690183,0.020430211629422573,0.026562398601583437,0.42760690172543137,0.49076923076923074
rouge_1,CT1,Base,0.4431699649649631,0.4418252325084623,0.017807805362919718,0.013088073188306182,0.40753424657534243,0.4700460829493087
rouge_1,CT2,Novel,0.5105103212055775,0.5088392895017952,0.01976454885417642,0.020119169218707156,0.47860768672951415,0.5468013468013468
rouge_1,CT2,Base,0.5014555055564969,0.49834095429292213,0.016636036956012977,0.021113868557744442,0.48301886792452836,0.53276955602537
rouge_1,CT3,Novel,0.5273662011679645,0.5243798062583481,0.020748335481335055,0.030418950848428272,0.49621785173978816,0.5655799848369978
rouge_1,CT3,Base,0.5286406785727067,0.5342474501004728,0.020457252373603577,0.03052226171720973,0.49382716049382713,0.554290053151101
rouge_1,CT4,Novel,0.5086075518126634,0.5107183157350264,0.01723159554897533,0.01667268635419339,0.4812985179957657,0.53625170998632
rouge_1,CT4,Base,0.5014175666163692,0.5014716116188571,0.01622420511648082,0.01798091295148302,0.4663133989401968,0.523598820058997
rouge_1,CT5,Novel,0.5461915670213128,0.5451363654133967,0.017502024327607554,0.015737974221121775,0.5117605131860299,0.5771905424200278
rouge_1,CT5,Base,0.5162432724216515,0.5162504276428328,0.018653521473473027,0.0261589034070957,0.4809941520467836,0.5408895265423241
rouge_1,CT6,Novel,0.5023546120638503,0.5104131880454993,0.030135577947440033,0.037635775052738074,0.44047619047619047,0.5353319057815846
rouge_1,CT6,Base,0.4881643670708418,0.4905017582197829,0.0246930287900199,0.013554437784734863,0.42506350550381033,0.5128205128205128
rouge_1,CT7,Novel,0.481613912106457,0.4807964685865296,0.009242762785218694,0.009454422857481604,0.4672897196261683,0.5015216068167986
rouge_1,CT7,Base,0.4638365311817655,0.4653896818818225,0.025965152564713125,0.029463988572748623,0.42810242941562704,0.5144972239358421
rouge_1,CT8,Novel,0.5329059505186284,0.5370012015997417,0.02404046892339467,0.032049687634641,0.49287749287749283,0.5702702702702702
rouge_1,CT8,Base,0.5215717940451634,0.5194182579103861,0.017547581117047125,0.020918852481180306,0.4860088365243005,0.5440874914559125
rouge_1,CT9,Novel,0.4998604803999732,0.5012826477714472,0.016815380039592816,0.026945646693919634,0.47746243739565947,0.5224489795918368
rouge_1,CT9,Base,0.49293477605552116,0.49711748562807273,0.03463388307582243,0.04226562291318148,0.4537968892955169,0.5650623885918004
rouge_1,CT10,Novel,0.5719321426446381,0.5759195911256201,0.027541845908348888,0.04306896655103132,0.53125,0.6076742364917777
rouge_1,CT10,Base,0.5583657689408262,0.5681690457457569,0.024603102987032402,0.029269059871327774,0.5163511187607573,0.5919732441471571
rouge_1,EXP1,Novel,0.4394046560410846,0.4453504443309431,0.018481114179284552,0.013293053694191204,0.3955669224211424,0.45799011532125206
rouge_1,EXP1,Base,0.4683420663341905,0.4701928011960814,0.01682316763322383,0.024018702633973432,0.4387096774193549,0.48817407757805104
rouge_1,EXP2,Novel,0.4276647228410016,0.4336728127098832,0.017768457731914603,0.016588385122495997,0.3885109599395314,0.44930707512764406
rouge_1,EXP2,Base,0.44216763454953034,0.45037523202274454,0.0214460620797102,0.0115066524710149,0.39165911151405264,0.45879732739420936
rouge_1,EXP3,Novel,0.43330147811147235,0.43595726486077635,0.020896088748103094,0.027636698267797133,0.3989681857265692,0.46740858505564387
rouge_1,EXP3,Base,0.4710027325607394,0.4788229892507967,0.017183367181992842,0.015737541730186155,0.4395198522622345,0.4852282900626679
rouge_1,EXP4,Novel,0.45233256428976765,0.4454596772623752,0.021124212807988447,0.02944357601302161,0.4276315789473685,0.4854070660522274
rouge_1,EXP4,Base,0.5126553056163325,0.5097421949552816,0.030939328000720273,0.03169715826145825,0.46495726495726497,0.5670367207514946
rouge_1,EXP5,Novel,0.46766372520345173,0.46958573770393364,0.01976718109652876,0.016113288919622215,0.42310821806346627,0.49413604378420645
rouge_1,EXP5,Base,0.4727800434724509,0.47318274527944826,0.017189860648366567,0.019026298720568435,0.44626743232157506,0.5048543689320388
rouge_1,EXP6,Novel,0.48859739786138495,0.49357733911973317,0.02022243769108283,0.02753024126433068,0.44928751047778714,0.5173807599029911
rouge_1,EXP6,Base,0.5189623559555805,0.5164743900858235,0.015500842861548236,0.022446664280888817,0.4919499105545617,0.5410544511668107
rouge_1,EXP7,Novel,0.542844978082703,0.5372662359741585,0.01700829835531223,0.01385532353503205,0.51869918699187,0.5763508222396242
rouge_1,EXP7,Base,0.569465753844895,0.5679391852349241,0.01608883811186029,0.015883886736067998,0.5523978685612789,0.6045694200351494
rouge_1,EXP8,Novel,0.43184930955773115,0.436250121939323,0.028326546295943576,0.03722647198486301,0.38990426457789384,0.4771748492678725
rouge_1,EXP8,Base,0.4837194543865425,0.4927063385110055,0.022014140880517584,0.024923052189999073,0.44141689373297005,0.5117029862792575
rouge_1,EXP9,Novel,0.4957754321857112,0.5041418230621988,0.027800997086610622,0.04060120159448527,0.43969204448246363,0.529657477025898
rouge_1,EXP9,Base,0.5505668416093614,0.5616818247866635,0.026507805186352335,0.04036199624399528,0.509952606635071,0.5815217391304348
rouge_1,EXP10,Novel,0.4729931381135909,0.4769262844174665,0.018424201550998102,0.02666022812865204,0.4420731707317073,0.4996191926884996
rouge_1,EXP10,Base,0.49624325629489474,0.4959690316546772,0.026276235090557244,0.03285940432247153,0.4593220338983051,0.5408708938120703
rouge_1,POP1,Novel,0.45960265464273153,0.46354587323239826,0.025336810360909037,0.0400783487747739,0.42527881040892196,0.4966936076414401
rouge_1,POP1,Base,0.46650889946428437,0.46714022052801274,0.014990622303463545,0.01085392869613011,0.44165435745937964,0.4884437596302003
rouge_1,POP2,Novel,0.47239694888061046,0.47781391971226816,0.0274263889683054,0.02719562238563683,0.41666666666666663,0.5078014184397164
rouge_1,POP2,Base,0.4568884436366045,0.4572152091544335,0.01632054244596205,0.014881872095247939,0.43206751054852316,0.4846093133385951
rouge_1,POP3,Novel,0.487748030570616,0.4862333770368983,0.015325606253832162,0.013969125766961188,0.4703389830508475,0.5222841225626741
rouge_1,POP3,Base,0.47128323138405664,0.4675473961823645,0.026734559738085677,0.02176125569783982,0.4370761115297664,0.5246575342465754
rouge_1,POP4,Novel,0.37867644849781784,0.37529313557504196,0.022642085101190035,0.02027966139707449,0.3543586109142452,0.423728813559322
rouge_1,POP4,Base,0.3693831692788529,0.3725922767944279,0.017482794533584485,0.02092483981125781,0.340014847809948,0.3970370370370371
rouge_1,POP5,Novel,0.4644544090641064,0.4682459594463372,0.014875975529366925,0.023421248620178525,0.44128646222887064,0.4868327402135232
rouge_1,POP5,Base,0.47315461198589226,0.4754882492701518,0.026257816006652553,0.02587518241938558,0.4348561759729273,0.5213068181818182
rouge_1,POP6,Novel,0.48618838563983885,0.49744530464612546,0.027042693071735315,0.024878186351397602,0.4353846153846154,0.512743628185907
rouge_1,POP6,Base,0.5206523487576377,0.5129234995421625,0.024737177999191576,0.03406979181710679,0.48869565217391303,0.5619335347432024
rouge_1,POP7,Novel,0.5780721254049395,0.5838104286327326,0.024681436012403107,0.04002830319743955,0.5436746987951807,0.6123316796598157
rouge_1,POP7,Base,0.570908218564924,0.5819994463721593,0.024946350500273565,0.016094451321668868,0.5080988917306053,0.5908440629470673
rouge_1,POP8,Novel,0.5578800095130447,0.5619453109994449,0.01769642149187297,0.022002523530938012,0.5263157894736843,0.5833935018050541
rouge_1,POP8,Base,0.5337383442226667,0.5374644206210618,0.01885090409139373,0.023776235593224282,0.503903477643719,0.5608540925266904
rouge_1,POP9,Novel,0.4732078918391605,0.47825071460900415,0.022807730193358498,0.016519496887690777,0.4244791666666667,0.5131744040150564
rouge_1,POP9,Base,0.4925218041611158,0.4976762746089571,0.030457426840482305,0.0258975933191104,0.4314827828531272,0.5339087546239211
rouge_1,POP10,Novel,0.5055982869852681,0.5057961957032499,0.014948544505433998,0.019194427010288673,0.4818325434439178,0.5325355272999253
rouge_1,POP10,Base,0.4970488522063955,0.5007545622693828,0.026072783071426128,0.0399341131048887,0.45904298459042986,0.5298446443172526
rouge_1,PSP1,Novel,0.5033374706769463,0.49847246977081033,0.019608689507426526,0.02476379904955428,0.47685834502103785,0.5412234042553191
rouge_1,PSP1,Base,0.505533591637396,0.508032827730998,0.02102697982943821,0.03377968993091324,0.47711927981995494,0.5413223140495868
rouge_1,PSP2,Novel,0.5087412143113933,0.5068930859123025,0.02616859813132326,0.04157255213842237,0.47923322683706066,0.5469696969696971
rouge_1,PSP2,Base,0.5269982757850227,0.5248398441212813,0.01889944998835647,0.01967111620810358,0.496551724137931,0.5606837606837606
rouge_1,PSP3,Novel,0.5119582462415894,0.5097745797249108,0.01837415644178295,0.0216475130872561,0.482922954725973,0.5431711145996859
rouge_1,PSP3,Base,0.545051954970239,0.5420855313360537,0.027872578491353238,0.02785883203850792,0.5042301184433164,0.5928449744463372
rouge_1,PSP4,Novel,0.5082702809436069,0.5095732359883304,0.02377327003572284,0.01837795446981305,0.46080760095011875,0.5445180279617367
rouge_1,PSP4,Base,0.5307967215822307,0.5354052055673622,0.018113155996237473,0.020023047070536704,0.49074818986323415,0.5497076023391813
rouge_1,PSP5,Novel,0.5343486882780517,0.5356965279394029,0.02177265400227976,0.030736225703817288,0.49598715890850725,0.5650438946528332
rouge_1,PSP5,Base,0.5483464464769557,0.5464448572876204,0.023406249224573024,0.027450530426252784,0.5165675446049278,0.597682119205298
rouge_1,PSP6,Novel,0.48824021193683736,0.4809852552931231,0.022144305160472527,0.025482834530009046,0.4616564417177914,0.5249621785173978
rouge_1,PSP6,Base,0.4997091709033759,0.49916933724248963,0.015044791751324173,0.02520000000052125,0.48021108179419525,0.5201716738197425
rouge_1,PSP7,Novel,0.5055018656834626,0.5059070121951219,0.019172292823973695,0.02482428393905961,0.4755592377796189,0.532671629445823
rouge_1,PSP7,Base,0.5030469085861479,0.5057511570706279,0.023362689853703524,0.039784127437612005,0.4687782805429864,0.5295675198587819
rouge_1,PSP8,Novel,0.4945227287935465,0.4905213105409144,0.022691785570717722,0.03303493810894825,0.46009389671361495,0.5296442687747036
rouge_1,PSP8,Base,0.5109953033716101,0.5072840284818334,0.015955165984050057,0.02020295818008966,0.48512173128944996,0.5382674516400336
rouge_1,PSP9,Novel,0.4827694478906829,0.4833420853025264,0.019193526936877953,0.022037751754936774,0.45544554455445546,0.5209003215434084
rouge_1,PSP9,Base,0.4973425072355976,0.49909157016983685,0.018557535245807145,0.02508588894434366,0.4607508532423208,0.517766497461929
rouge_1,PSP10,Novel,0.44011231673897405,0.4430212019866562,0.018497250968472025,0.020577138876053613,0.4087837837837837,0.4737704918032787
rouge_1,PSP10,Base,0.46816915128111825,0.4720500822550132,0.01533132902611177,0.016911688830993976,0.442429737080689,0.48724714160070354
rouge_2,SSP1,Novel,0.1714655378503698,0.18070771722457116,0.021997069509289247,0.042122270957218655,0.14002828854314,0.19280380176510525
rouge_2,SSP1,Base,0.16254945221992087,0.15927246662685818,0.013445925821766054,0.015914626265353227,0.14814814814814814,0.18821729150726857
rouge_2,SSP2,Novel,0.16017821387054043,0.1585470585195922,0.010060887860869226,0.012213378358038096,0.1427475057559478,0.17807211184694624
rouge_2,SSP2,Base,0.1412506443433384,0.14371974318184416,0.01720015668090456,0.018448567991101117,0.11389521640091116,0.1732283464566929
rouge_2,SSP3,Novel,0.14955777454847374,0.14881710410519233,0.014886417085441576,0.024886483697640682,0.12907702984038863,0.16774193548387095
rouge_2,SSP3,Base,0.14097464013020602,0.1431406380118328,0.017368672764845314,0.02176071828573997,0.11068991660348748,0.16878267363704258
rouge_2,SSP4,Novel,0.08816798710498874,0.08920320837890691,0.012739910396965017,0.015101594705458146,0.0690172543135784,0.11031518624641834
rouge_2,SSP4,Base,0.1058998165915439,0.1087654483880899,0.012316107862795538,0.011996465872767509,0.08435582822085891,0.12088752869166029
rouge_2,SSP5,Novel,0.1225430553183896,0.12105583831924738,0.005557570096166969,0.008497909204847581,0.11569148936170212,0.13057961359093936
rouge_2,SSP5,Base,0.10648400809537777,0.10852357042243205,0.013284506046848969,0.0246094655342754,0.08642911296436696,0.12163202463433409
rouge_2,SSP6,Novel,0.12459090080412794,0.12141280353200883,0.01240502797572349,0.011094797342957943,0.11363636363636363,0.15494978479196553
rouge_2,SSP6,Base,0.10643960927399834,0.11312756933115824,0.019328093887634713,0.024633829502775456,0.06265060240963856,0.12333333333333335
rouge_2,SSP7,Novel,0.1207309265003547,0.12129014798916124,0.00942559408360259,0.013051225720883852,0.10267534345625451,0.1332398316970547
rouge_2,SSP7,Base,0.11658516307508053,0.11510610768966961,0.00827651866159542,0.008449226368572496,0.10432190760059613,0.13166666666666668
rouge_2,SSP8,Novel,0.14088841842584285,0.14100301014530453,0.008052073013435572,0.01178350673849693,0.12765957446808512,0.15184678522571818
rouge_2,SSP8,Base,0.15076900994121706,0.15331971590802615,0.011202828201426974,0.010458120072103644,0.13271400132714,0.1697860962566845
rouge_2,SSP9,Novel,0.12828807936624256,0.12579769919929915,0.014984872379254761,0.019747932368179927,0.09916094584286804,0.14685844057532174
rouge_2,SSP9,Base,0.11813420486323536,0.11980081437188772,0.01830361770514855,0.01635446149014627,0.08538587848932677,0.14803149606299212
rouge_2,SSP10,Novel,0.08813458416485834,0.08708983864340941,0.008226420044228749,0.009378899895620185,0.07442596991290579,0.10120481927710843
rouge_2,SSP10,Base,0.08651065702417908,0.08651564364770156,0.008338117034682162,0.012373383451533188,0.07407407407407408,0.09802371541501977
rouge_2,CEP1,Novel,0.19555118908088692,0.1953971153972789,0.012765621043475627,0.014818523831274799,0.17753120665742025,0.22192513368983957
rouge_2,CEP1,Base,0.16792692572124915,0.16900245342589834,0.01813293367466509,0.016326687025913583,0.1264933239634575,0.19215155615696886
rouge_2,CEP2,Novel,0.1468735117087438,0.146080034801377,0.008901021457018867,0.00770675325918041,0.13295210864903503,0.1659259259259259
rouge_2,CEP2,Base,0.15527977239144494,0.15393706443971739,0.018329011432229276,0.02167929707661309,0.11993243243243244,0.18580060422960723
rouge_2,CEP3,Novel,0.14317650300474544,0.14297257845897193,0.011107383427036285,0.014733516228004284,0.12536023054755044,0.16113074204946998
rouge_2,CEP3,Base,0.1323154946505104,0.13170473973572322,0.01515189171600985,0.024124280793483596,0.11173974540311175,0.1574344023323615
rouge_2,CEP4,Novel,0.14981411379339657,0.15096978855032214,0.015898289687313688,0.028597929316209192,0.12781954887218047,0.1701818181818182
rouge_2,CEP4,Base,0.16214431987213523,0.15612287220003424,0.016546777617619808,0.02336536853722443,0.13711583924349882,0.18523878437047758
rouge_2,CEP5,Novel,0.13630362264942128,0.13599152796997127,0.01679450295563843,0.01868005895320614,0.11782708492731446,0.16424418604651164
rouge_2,CEP5,Base,0.12628839125748187,0.12843605866323315,0.01800686575496345,0.014612347843226556,0.08761329305135951,0.15584415584415584
rouge_2,CEP6,Novel,0.0879175981133557,0.08719935052332621,0.006127939968261033,0.008843417728790978,0.08040935672514621,0.10050983248361252
rouge_2,CEP6,Base,0.09150651689240316,0.08894518723540398,0.01237134971212603,0.018735850956354355,0.07602792862684252,0.11201179071481208
rouge_2,CEP7,Novel,0.1297516369610145,0.12940483470812378,0.012644908573834046,0.01274252752821034,0.10373760488176964,0.15135929463629685
rouge_2,CEP7,Base,0.10886807295999253,0.1092151584178919,0.012630497350558871,0.021009396160954236,0.0946843853820598,0.13185067513899917
rouge_2,CEP8,Novel,0.10601835174325566,0.10931485758275597,0.010735548085832297,0.013284020270448185,0.08702290076335877,0.1167192429022082
rouge_2,CEP8,Base,0.11767155368933421,0.11424243889076877,0.012353452797271115,0.008141507523895752,0.10562770562770563,0.1490312965722802
rouge_2,CEP9,Novel,0.14346979299876428,0.14694421577994432,0.012989037201396991,0.007712530925468392,0.11059190031152646,0.15657311669128507
rouge_2,CEP9,Base,0.14125676848068827,0.14267960705408922,0.009663143574954961,0.0097261526423085,0.11887550200803212,0.15291445874337622
rouge_2,CEP10,Novel,0.1584911135007674,0.1579064905987983,0.009046551707524777,0.011499375248374355,0.1430745814307458,0.1716417910447761
rouge_2,CEP10,Base,0.14574531137315178,0.1477801136880618,0.009706189907786218,0.012567397765374272,0.12740989103101422,0.16
rouge_2,CT1,Novel,0.09468928336432055,0.09725975106705759,0.011410066576964167,0.008702877093345052,0.072,0.1152073732718894
rouge_2,CT1,Base,0.09139059966059007,0.08642342624491074,0.01291460839123527,0.016130133583203157,0.07705192629815746,0.11538461538461538
rouge_2,CT2,Novel,0.1439840224678638,0.14452558063746015,0.011583123408592404,0.005671599359416607,0.12200435729847495,0.15988973121984837
rouge_2,CT2,Base,0.1257192801407538,0.12925206155201696,0.011117299201568195,0.009637875512310226,0.1,0.13797722705961152
rouge_2,CT3,Novel,0.1796531816629296,0.17813876392307765,0.019669731899082988,0.03129789752213674,0.15420200462606012,0.2094081942336874
rouge_2,CT3,Base,0.16126333499327164,0.16494515894371817,0.0161174754751354,0.02070695958832086,0.13601236476043277,0.1884498480243161
rouge_2,CT4,Novel,0.13637023783679053,0.14115657051744349,0.013470230467262156,0.024059721682327617,0.11731448763250882,0.1547945205479452
rouge_2,CT4,Base,0.1140243673541961,0.11491646467015926,0.01548402367570008,0.02450025471848373,0.09097801364670205,0.13530326594090203
rouge_2,CT5,Novel,0.14999906053075207,0.1521896748038049,0.013664981339068578,0.012542766142906836,0.1270521056388294,0.17966573816155987
rouge_2,CT5,Base,0.1360561012494301,0.1401064432572446,0.012370105671934053,0.016173211180711883,0.11712379540400297,0.1527377521613833
rouge_2,CT6,Novel,0.1407580317907738,0.14013103666258314,0.021073806100093313,0.03063604283001839,0.11177347242921014,0.17340191036002942
rouge_2,CT6,Base,0.1275573721064515,0.1262859992519636,0.00965462068965027,0.010606596349400338,0.11535199321458865,0.14411529223378702
rouge_2,CT7,Novel,0.11356703394797622,0.11287559779719007,0.007405211246549195,0.009719689791357913,0.10344827586206896,0.12431444241316272
rouge_2,CT7,Base,0.10945560255792394,0.10863518047523468,0.014422727096940811,0.019048034681721157,0.08768536428110897,0.1358863495985176
rouge_2,CT8,Novel,0.14000763016455647,0.1379846676957932,0.01215008157530485,0.018358972855203715,0.12268188302425106,0.16102841677943167
rouge_2,CT8,Base,0.12763415474786993,0.12623751816413584,0.010642265644511296,0.011360221355493735,0.11061946902654868,0.1453529000698812
rouge_2,CT9,Novel,0.14447196388367,0.14689465113046407,0.01010725438688494,0.014808359981208497,0.12709030100334448,0.15737704918032788
rouge_2,CT9,Base,0.13004638377703445,0.12715653955345724,0.018529165171968922,0.01956147253142279,0.10740740740740742,0.17142857142857146
rouge_2,CT10,Novel,0.16923577732781003,0.1745021261516655,0.02491295945273567,0.02032880782350982,0.12363067292644755,0.20149253731343286
rouge_2,CT10,Base,0.13706726770396055,0.13924725747584088,0.020165890834552492,0.027567516252547344,0.10510046367851623,0.1658291457286432
rouge_2,EXP1,Novel,0.11020893398709745,0.1117505072294973,0.01054029328395813,0.010459124289114066,0.09393680614859096,0.1248986212489862
rouge_2,EXP1,Base,0.11946170728637287,0.11642270089433987,0.009526116549301097,0.014246251314855213,0.10710987996306556,0.13649851632047477
rouge_2,EXP2,Novel,0.09793818999291282,0.09935094698362937,0.010719106505746033,0.01459012309166717,0.08024224072672219,0.11102994886778669
rouge_2,EXP2,Base,0.1185460418192753,0.12011272523809105,0.006520818114595277,0.009629935991035912,0.10899182561307902,0.1277310924369748
rouge_2,EXP3,Novel,0.09994774744959072,0.09986603336986968,0.010025090032711544,0.011871941127663418,0.07903780068728522,0.11146496815286623
rouge_2,EXP3,Base,0.11267432799813382,0.10656882225808191,0.013855387877237368,0.019164633962905353,0.09610154125113328,0.13743218806509946
rouge_2,EXP4,Novel,0.1250127185351832,0.12684108527131782,0.013620553280866138,0.01658793343795051,0.10584518167456555,0.14891913530824658
rouge_2,EXP4,Base,0.1536086831221905,0.15165138788083318,0.024179574873658093,0.019945527874074248,0.1113013698630137,0.20391517128874387
rouge_2,EXP5,Novel,0.1202514843396981,0.11916320844507722,0.012144447134603102,0.007282427794702576,0.097799511002445,0.14565387627251372
rouge_2,EXP5,Base,0.11363235397603451,0.11309325214780215,0.014505157419034815,0.01959933148148814,0.09151414309484193,0.13290113452188007
rouge_2,EXP6,Novel,0.1217647464175097,0.11944983551499636,0.015794514624065076,0.017354691189416113,0.0963265306122449,0.14736842105263157
rouge_2,EXP6,Base,0.13842974905883626,0.13657848032589404,0.013127960938350667,0.009617366570612351,0.12158590308370043,0.16623376623376623
rouge_2,EXP7,Novel,0.195567428190993,0.1993320874646711,0.014341108625131181,0.013543706283561663,0.16557377049180327,0.2138047138047138
rouge_2,EXP7,Base,0.19922247286945838,0.19271443560002516,0.014418494606461982,0.021040809083422873,0.1797153024911032,0.22399999999999998
rouge_2,EXP8,Novel,0.10549974266940665,0.10393338954468803,0.013308345724676724,0.01659592887533029,0.07846556233653008,0.12224938875305624
rouge_2,EXP8,Base,0.13225061164785,0.13082678815778026,0.01738892094985654,0.02662521871584518,0.11282984531392173,0.16168148746968472
rouge_2,EXP9,Novel,0.14376045002225876,0.14139114502146743,0.015310362291688862,0.020046018653828546,0.1231281198003328,0.16863406408094433
rouge_2,EXP9,Base,0.16640802687334727,0.1642368027154761,0.01777024473869472,0.019260511076009568,0.1329534662867996,0.19237749546279495
rouge_2,EXP10,Novel,0.12492445862780646,0.1256935303820457,0.009607529113272601,0.014350732042152009,0.1109375,0.13871951219512194
rouge_2,EXP10,Base,0.13917311163495624,0.137664381268157,0.010094484940330578,0.007802994532200569,0.1254125412541254,0.16067329762815608
rouge_2,POP1,Novel,0.10858086564879406,0.11139082383343109,0.009611688755293123,0.01445783879528846,0.09077380952380952,0.11791383219954649
rouge_2,POP1,Base,0.10953356408228523,0.10751424279626441,0.00925721258485722,0.00920886496333495,0.09531013615733738,0.1275964391691395
rouge_2,POP2,Novel,0.11233439751300804,0.11552851025467659,0.011205662269681947,0.010769570890087857,0.09090909090909091,0.12508986340762043
rouge_2,POP2,Base,0.10441518120025424,0.10522819234248812,0.009896098809210606,0.008782077631959206,0.08492922564529559,0.11857707509881422
rouge_2,POP3,Novel,0.11999341937972541,0.1193566104275432,0.005108069899317019,0.007096602072304559,0.11360448807854137,0.12862190812720847
rouge_2,POP3,Base,0.1151838254617779,0.11250667872743293,0.012429353021163441,0.01741932242041551,0.09745127436281859,0.13626685592618878
rouge_2,POP4,Novel,0.07710169980502564,0.07700537808591978,0.007958402082952513,0.011062182502030074,0.063875088715401,0.09052333804809051
rouge_2,POP4,Base,0.07308786220011945,0.07413014831637088,0.007762391503751833,0.011448752766750295,0.05813953488372092,0.08190618019359643
rouge_2,POP5,Novel,0.10512288199972768,0.10156976700723316,0.013476143045388082,0.017432108583134764,0.08843036109064113,0.12880396319886764
rouge_2,POP5,Base,0.12150383827703375,0.12242265911392253,0.011350268773594813,0.015534522849772497,0.10542398777692895,0.14094955489614244
rouge_2,POP6,Novel,0.1270156088050376,0.1288733217103726,0.01515430034353243,0.022382523942665933,0.10193050193050193,0.14961832061068703
rouge_2,POP6,Base,0.15418134205743822,0.15472842569616763,0.007906448319307882,0.01118880270973252,0.14111498257839722,0.16641452344931923
rouge_2,POP7,Novel,0.1824564317318166,0.18240053673264006,0.01171699982614699,0.014423068855958704,0.16444444444444445,0.20483641536273114
rouge_2,POP7,Base,0.17685330804426563,0.17438377121269982,0.017313075756563812,0.014305011784725624,0.143467122117848,0.2087912087912088
rouge_2,POP8,Novel,0.1652342366438893,0.16283984464244916,0.01591037011243745,0.020573769713682438,0.14066852367688024,0.19378163412870572
rouge_2,POP8,Base,0.1660309897266437,0.1636506764712554,0.014326885723492977,0.006552023858882955,0.14356787491115852,0.195295794725588
rouge_2,POP9,Novel,0.13583163832028322,0.1337137854314423,0.010006932546393926,0.011693638402738182,0.1199478487614081,0.1555977229601518
rouge_2,POP9,Base,0.15016769667251378,0.15278860229685987,0.018193037126697776,0.023169208487292953,0.11948051948051949,0.18052869116698902
rouge_2,POP10,Novel,0.15230819815650634,0.1518443207762557,0.015240010455336355,0.028965764675897093,0.13415574402467234,0.17160686427457097
rouge_2,POP10,Base,0.1373530606956367,0.13400232361680042,0.011055429220598944,0.010008530840963675,0.12224938875305623,0.16193656093489148
rouge_2,PSP1,Novel,0.12860437354324677,0.12935975839108427,0.009508640669848233,0.011241705863875476,0.11657303370786518,0.14647137150466047
rouge_2,PSP1,Base,0.12973039603439682,0.12684885223094505,0.011649311498679074,0.00880879583841468,0.11666666666666667,0.15208034433285508
rouge_2,PSP2,Novel,0.13002947040173565,0.1292050898974808,0.011183436157599813,0.00733199074392632,0.11419508326724821,0.15477996965098634
rouge_2,PSP2,Base,0.1399432203706061,0.14259802661853738,0.01525813460150759,0.019984902829501217,0.11815812337098176,0.1691542288557214
rouge_2,PSP3,Novel,0.14296921423764006,0.13812266691144973,0.0134498707423117,0.010962102241160732,0.12769485903814262,0.17295597484276728
rouge_2,PSP3,Base,0.14856515512053697,0.1513647642679901,0.018101043802043353,0.02213077263936103,0.11864406779661017,0.1734860883797054
rouge_2,PSP4,Novel,0.19202842957316948,0.18331144361659038,0.02132938883251049,0.02989959988608934,0.16074188562596597,0.22697126013264557
rouge_2,PSP4,Base,0.19551172021938773,0.1981204587507898,0.020285166334001813,0.03906987006196477,0.16921837228041903,0.2192468619246862
rouge_2,PSP5,Novel,0.16480772384176554,0.16377777427051027,0.015134727028774072,0.007969070120508959,0.14308681672025725,0.19077901430842603
rouge_2,PSP5,Base,0.15823249341006335,0.15953192682162323,0.012430671618356351,0.016412918380159874,0.14115646258503403,0.17895608947804476
rouge_2,PSP6,Novel,0.12618349989964123,0.1270964961667049,0.010998527968130176,0.01668481281676061,0.11059907834101383,0.14503816793893132
rouge_2,PSP6,Base,0.11866233888021513,0.1235984447392762,0.013167182433684664,0.01681751456077754,0.09690230341540905,0.13585554600171967
rouge_2,PSP7,Novel,0.14078552651436826,0.14660126966069043,0.011173713995165351,0.008266321362163653,0.11872909698996655,0.1507870753935377
rouge_2,PSP7,Base,0.14155875523949268,0.13203637443013716,0.020007126080824847,0.035364104516123596,0.12283737024221453,0.17446043165467626
rouge_2,PSP8,Novel,0.12349771768446746,0.11864280912402482,0.01510005779924063,0.012430873301730622,0.1038552321007081,0.1565217391304348
rouge_2,PSP8,Base,0.1226673750212635,0.12123676583663572,0.01733159536048126,0.019817700131397845,0.09760425909494232,0.1546134663341646
rouge_2,PSP9,Novel,0.12330562869032387,0.11790372538041245,0.012565152959161639,0.015275590540705555,0.11239669421487603,0.15248796147672553
rouge_2,PSP9,Base,0.12582051173443826,0.1250617633336138,0.013238948535664312,0.009877531211356247,0.105982905982906,0.15223097112860895
rouge_2,PSP10,Novel,0.11024189369626439,0.1106177005789909,0.009597293756166822,0.0050406242513207355,0.08967851099830795,0.1264367816091954
rouge_2,PSP10,Base,0.12785380183162212,0.12605507262854276,0.009893323424373318,0.014629209787093214,0.11361587015329125,0.14345991561181437
rouge_L,SSP1,Novel,0.20035460843794647,0.1946270030767407,0.01885958889797002,0.021156156722796,0.17655367231638416,0.23210562890896458
rouge_L,SSP1,Base,0.19936996627727138,0.19461444308445533,0.015776200536075792,0.028451566452232263,0.18129079042784627,0.22102009273570325
rouge_L,SSP2,Novel,0.1998640767710637,0.1996588428925944,0.017173109270596155,0.015378435517338612,0.17223459539717895,0.2247191011235955
rouge_L,SSP2,Base,0.19008135086316663,0.19132396421756626,0.007080620224583159,0.007438797175087164,0.17824773413897282,0.19877675840978595
rouge_L,SSP3,Novel,0.18371985994154813,0.18193193193193194,0.01042207150327473,0.006455313249569522,0.17005813953488372,0.20753375977256575
rouge_L,SSP3,Base,0.18493777933683722,0.18180609612599563,0.01293725515984003,0.011127863057804499,0.17314746881878212,0.21774794929157343
rouge_L,SSP4,Novel,0.15153537396973035,0.15148817344725896,0.00932834598757389,0.009551419333454686,0.13632958801498127,0.16792738275340394
rouge_L,SSP4,Base,0.16823060121150374,0.1688102278237007,0.006776798487886895,0.00999282134162438,0.1562021439509954,0.17826086956521742
rouge_L,SSP5,Novel,0.1689996494171714,0.16997857827385987,0.006635604528884354,0.007918636210888425,0.15700141442715698,0.17831004657351965
rouge_L,SSP5,Base,0.16800481993436892,0.16790763136694953,0.011221677315330067,0.009790955676851204,0.14367816091954022,0.18233618233618235
rouge_L,SSP6,Novel,0.1776292800778952,0.18063970426991638,0.0072724247904521625,0.00752310610866791,0.16311535635562088,0.18624641833810887
rouge_L,SSP6,Base,0.17498091451742656,0.17901964202063336,0.0144141970933554,0.012783450350246334,0.14113873295910181,0.1917808219178082
rouge_L,SSP7,Novel,0.1653422860411257,0.16854683613804586,0.008437608577595625,0.012134100882011667,0.15361890694239289,0.1795407098121086
rouge_L,SSP7,Base,0.16756639000373125,0.16604457478005863,0.007981279628833762,0.008307165447678538,0.15476190476190477,0.18268467037331215
rouge_L,SSP8,Novel,0.16616906777680293,0.16785236110971102,0.005246566796314964,0.005517407588395362,0.15678524374176545,0.1734972677595628
rouge_L,SSP8,Base,0.1740578501367585,0.1749829935786743,0.006545834045831728,0.0077616587666024806,0.16411682892906812,0.18291054739652868
rouge_L,SSP9,Novel,0.1791711719247911,0.17531248012510425,0.009961784282674769,0.016967212502409096,0.1655379984951091,0.19198790627362058
rouge_L,SSP9,Base,0.17506007616571378,0.17545115087862778,0.00859162728245603,0.012144339447336172,0.16393442622950818,0.18740399385560677
rouge_L,SSP10,Novel,0.15772017625516382,0.15662177892321483,0.006328001527242182,0.006511030288603281,0.14956245027844073,0.17191097467382963
rouge_L,SSP10,Base,0.1533080251972562,0.15059168148494567,0.008523129741595312,0.007505232167607151,0.14457831325301204,0.1733333333333333
rouge_L,CEP1,Novel,0.2181125902514162,0.22213665743305633,0.008016578350053278,0.01346535261373355,0.2043506921555702,0.22600408441116404
rouge_L,CEP1,Base,0.20905545628561698,0.20902854658598602,0.009097971320594471,0.014687639915661521,0.19442458899213724,0.22100205902539463
rouge_L,CEP2,Novel,0.19907641483377775,0.19897101373719472,0.005969950803669163,0.006273854207586471,0.1898643825838687,0.20773638968481375
rouge_L,CEP2,Base,0.1974574764904361,0.1977483771743418,0.009555084386746494,0.01393855550532555,0.18043844856661045,0.2081447963800905
rouge_L,CEP3,Novel,0.16990041616594723,0.16905172413793104,0.005757978608453395,0.005127769282763761,0.16196673897324657,0.18207480592801692
rouge_L,CEP3,Base,0.17000588179845577,0.16998273811728204,0.006744342425720004,0.008315427083447291,0.15919629057187015,0.18014184397163122
rouge_L,CEP4,Novel,0.17583762075301926,0.17226940919634331,0.012080947281084269,0.022801389542888434,0.16066066066066068,0.19219653179190754
rouge_L,CEP4,Base,0.18241739498095164,0.1836969270191957,0.01035333073270704,0.00790608924042252,0.16326530612244897,0.20254957507082152
rouge_L,CEP5,Novel,0.17827778609235587,0.18138581848259266,0.010622273431085268,0.011186375236960505,0.15454545454545454,0.1932227829848594
rouge_L,CEP5,Base,0.17398521785708304,0.17215306778927736,0.011740285742177942,0.016582632591488566,0.1508295625942685,0.18764302059496565
rouge_L,CEP6,Novel,0.15362655079277862,0.15349836944295725,0.006708103412136217,0.01264105086022524,0.14580265095729014,0.1629090909090909
rouge_L,CEP6,Base,0.1638631447041692,0.15992476851851856,0.010469208138085936,0.01769209157984758,0.1518987341772152,0.18195488721804512
rouge_L,CEP7,Novel,0.1735913382078717,0.17382348151766813,0.0071513166144858455,0.01005370635433997,0.16292974588938713,0.18627450980392157
rouge_L,CEP7,Base,0.1664693178322158,0.16712862549639856,0.005895957637446328,0.008561855642176597,0.15754560530679934,0.17541111981205953
rouge_L,CEP8,Novel,0.14495161692755032,0.1420492200321482,0.008091879488772142,0.011267791395488863,0.13636363636363638,0.15892053973013492
rouge_L,CEP8,Base,0.15879461817105173,0.1584713131806804,0.006711539842196228,0.007558263016606448,0.14612676056338028,0.16815476190476192
rouge_L,CEP9,Novel,0.18614607324392543,0.1878743051819975,0.006997253258710026,0.00812863894339258,0.17530487804878048,0.19584569732937684
rouge_L,CEP9,Base,0.1768068138447701,0.1764442876415664,0.0074879972412817955,0.009705733228665275,0.16587677725118485,0.18858560794044665
rouge_L,CEP10,Novel,0.1869358887506143,0.1879787932027021,0.0070573159597153,0.007799224185497444,0.17477203647416412,0.19793205317577547
rouge_L,CEP10,Base,0.1837517155910854,0.18659964278856037,0.00778243060259603,0.007355614524838072,0.1673640167364017,0.1924882629107981
rouge_L,CT1,Novel,0.1598109230282537,0.15888929209810734,0.005615503410775998,0.004488786254533916,0.15349194167306218,0.1723076923076923
rouge_L,CT1,Base,0.15823328039963028,0.1572623758126322,0.00969833836359028,0.008150995330929695,0.1436734693877551,0.17377812257564001
rouge_L,CT2,Novel,0.17760393549347192,0.17825059101654844,0.007843028619846107,0.010472474284708322,0.16243654822335027,0.1881051175656985
rouge_L,CT2,Base,0.171798244761449,0.1696580167289617,0.007463926676159603,0.011174176395955915,0.1618578465869106,0.18421052631578946
rouge_L,CT3,Novel,0.19062310272144492,0.18886981678599174,0.012277602640534757,0.014741780403835364,0.1769772905246672,0.21559633027522934
rouge_L,CT3,Base,0.1879362771804274,0.18560093849934997,0.008754524165123073,0.006521362548011167,0.17901234567901234,0.2094081942336874
rouge_L,CT4,Novel,0.17042368034754368,0.16590306997039114,0.00913506433829872,0.013628441255027934,0.15666901905434014,0.1839587932303164
rouge_L,CT4,Base,0.16287317452300926,0.16296016683481052,0.011069523429325956,0.009297958407762846,0.14231642694928082,0.18012422360248448
rouge_L,CT5,Novel,0.1763251111093776,0.17560363384856892,0.008022003228684188,0.0060446088991867875,0.16250890947968638,0.19193324061196107
rouge_L,CT5,Base,0.1689684486691252,0.16828942060678118,0.00704913183928699,0.011049441199465881,0.15840118430792008,0.17828900071890727
rouge_L,CT6,Novel,0.16797628744112442,0.16990640748740102,0.013083137141846193,0.010651247785381707,0.1494768310911809,0.1951577402787968
rouge_L,CT6,Base,0.1661336909960434,0.16686041819007566,0.006227023410253542,0.01095743823856904,0.15686274509803919,0.1742605915267786
rouge_L,CT7,Novel,0.15719793469220417,0.15784046625512982,0.0050467969150095925,0.0057454158438415,0.14883148831488316,0.16676810712111992
rouge_L,CT7,Base,0.1556096638257162,0.15484231681702104,0.007419849838822172,0.00786786254136021,0.1431385423506238,0.16903146206045652
rouge_L,CT8,Novel,0.16717004316449854,0.16655359935979047,0.006681228155983845,0.008459418950668596,0.15575465196416263,0.17837837837837836
rouge_L,CT8,Base,0.16714484203221044,0.16834168526464025,0.007302584243236152,0.008816139448106441,0.15352981494174092,0.1772893772893773
rouge_L,CT9,Novel,0.18016953112026163,0.18189269746646797,0.004859690825184706,0.003862092967468367,0.17031630170316303,0.18566775244299674
rouge_L,CT9,Base,0.1766575121375639,0.1765186369135399,0.014225555881085197,0.016225172556213474,0.15748031496062992,0.20320855614973263
rouge_L,CT10,Novel,0.19734708342661994,0.20052607934931668,0.015396410805561134,0.024931246753039593,0.171875,0.21926389976507438
rouge_L,CT10,Base,0.1893019351133297,0.18734610059561974,0.014734728234478314,0.022884139409848736,0.1725625539257981,0.21739130434782608
rouge_L,EXP1,Novel,0.15643469523144365,0.1576999129441386,0.010595011208220937,0.013583467223791557,0.13810741687979539,0.17433414043583534
rouge_L,EXP1,Base,0.1713253800453523,0.1721257057684534,0.013466576490189586,0.015523467310239125,0.14664310954063603,0.1954590325765054
rouge_L,EXP2,Novel,0.16006126940003682,0.15981964041745944,0.006193639778848126,0.007653800710626685,0.14965986394557826,0.17052023121387283
rouge_L,EXP2,Base,0.17581902026933963,0.17549625566135035,0.00879735453407975,0.010827961194327718,0.1635012386457473,0.18887015177065766
rouge_L,EXP3,Novel,0.16467749959127284,0.16567472622654084,0.0052682338106360945,0.004727822132649606,0.15306122448979595,0.1702127659574468
rouge_L,EXP3,Base,0.1724648247060438,0.17180928249497884,0.00695568355637764,0.009491903529368878,0.16066481994459833,0.18330308529945552
rouge_L,EXP4,Novel,0.17318026411006748,0.17145102937376172,0.007662346609967317,0.011700151541282205,0.16253869969040247,0.184
rouge_L,EXP4,Base,0.1933086982496472,0.1961227277503415,0.012517810679588409,0.021346421862390524,0.1739130434782609,0.20752984389348025
rouge_L,EXP5,Novel,0.16195983107118334,0.16225902341600038,0.005908980306848377,0.005755427988397788,0.15134255492270138,0.17297297297297298
rouge_L,EXP5,Base,0.17152363298599316,0.17091159657002858,0.010085125293385608,0.009755959708854955,0.15599343185550082,0.1875
rouge_L,EXP6,Novel,0.1772094638808908,0.17676143058490962,0.008726230663197294,0.008895748881634913,0.16530278232405893,0.1912479740680713
rouge_L,EXP6,Base,0.18676325838261731,0.18585026003336277,0.005113509420635133,0.003388400389318841,0.17941952506596304,0.19725557461406515
rouge_L,EXP7,Novel,0.21617559552577853,0.21041866981222473,0.01385620985685394,0.015333951969548426,0.20257234726688103,0.24369747899159663
rouge_L,EXP7,Base,0.201500910040586,0.19988162287637914,0.00962708111869436,0.008423877319511469,0.18697829716193656,0.22150882825040127
rouge_L,EXP8,Novel,0.15872407131890115,0.1563983153287272,0.0084687537448396,0.013795693588041724,0.14969538729329854,0.1734006734006734
rouge_L,EXP8,Base,0.173750883333648,0.1753947623512841,0.00958334377592,0.01370843194316082,0.15867768595041323,0.18592057761732853
rouge_L,EXP9,Novel,0.19046543897354587,0.18856766496415822,0.009366201716905992,0.006998058804492641,0.17964071856287425,0.21043771043771045
rouge_L,EXP9,Base,0.2105722378614187,0.20992975734355046,0.014408274703747751,0.024338243163372214,0.1895734597156398,0.23188405797101447
rouge_L,EXP10,Novel,0.16479934232080928,0.16357916351205634,0.0066419859719458445,0.006301431564845333,0.1544461778471139,0.1782178217821782
rouge_L,EXP10,Base,0.17295065788520564,0.17029939464307006,0.008594478451475042,0.008092069572034566,0.16159860990443095,0.19098548510313218
rouge_L,POP1,Novel,0.1600057198657832,0.15919992104483993,0.006762899328786489,0.007492684552574375,0.14858841010401191,0.17046289493019837
rouge_L,POP1,Base,0.16672094700639228,0.16597897987956,0.009060267960248572,0.008289624208673296,0.15066469719350073,0.18370370370370373
rouge_L,POP2,Novel,0.1658336078649618,0.16877883992784048,0.009402571788974804,0.006821929379808994,0.14880952380952378,0.1747292418772563
rouge_L,POP2,Base,0.16375503508955316,0.16319057678765764,0.0029040116307424246,0.003476759909497973,0.15942028985507248,0.16890292028413575
rouge_L,POP3,Novel,0.16962545177017854,0.16922776509408083,0.007315895355453625,0.009750551600156199,0.16140350877192983,0.18523676880222842
rouge_L,POP3,Base,0.16140986823661368,0.15988922091905183,0.006143295670527982,0.00544552377590482,0.15523737754333083,0.17292700212615164
rouge_L,POP4,Novel,0.13377977857846574,0.1309467056535663,0.007019589740668959,0.010297682565485189,0.125,0.14424410540915397
rouge_L,POP4,Base,0.1375109134493992,0.1364795918367347,0.008279125028466837,0.011072146631647906,0.12769485903814262,0.15259259259259259
rouge_L,POP5,Novel,0.1591296509915814,0.15982413282486652,0.006324565457110232,0.008438679460938014,0.14958863126402394,0.16819787985865725
rouge_L,POP5,Base,0.1659888673005499,0.16666666666666669,0.0073914263821816695,0.012263621775514155,0.155668358714044,0.17633410672853825
rouge_L,POP6,Novel,0.17854111939183395,0.17921511977850008,0.007593202603798827,0.005396272134327862,0.16345412490362374,0.1890243902439024
rouge_L,POP6,Base,0.20750938225501597,0.2114895037769709,0.010900651821551153,0.015175208335933499,0.19130434782608696,0.22525597269624575
rouge_L,POP7,Novel,0.183431811591584,0.18220157317724056,0.006153768236367175,0.01001682630247186,0.17620481927710843,0.19460227272727276
rouge_L,POP7,Base,0.18501081555237414,0.1864597013924722,0.008829195536388255,0.01264052054798892,0.17220801364023872,0.19749216300940436
rouge_L,POP8,Novel,0.20363469774826054,0.2034952665038603,0.008591894638350268,0.0059572098631583414,0.1917241379310345,0.21805054151624548
rouge_L,POP8,Base,0.2048695552949245,0.20605574646811758,0.014068248214809172,0.016243527449591594,0.17885024840312275,0.22491103202846977
rouge_L,POP9,Novel,0.17298862914857002,0.17281458697655028,0.008969908163628212,0.007828930107283638,0.15364583333333334,0.18695106649937265
rouge_L,POP9,Base,0.18559572627380355,0.18696074600997228,0.015343685216442313,0.017791573062089422,0.163035839775123,0.21764327108821638
rouge_L,POP10,Novel,0.1720313415464907,0.17254654441836087,0.007423980741894658,0.010749102231068924,0.16224648985959436,0.18583396801218585
rouge_L,POP10,Base,0.16516814715072795,0.1622429842605097,0.011528436455540888,0.01626311657198934,0.1508515815085158,0.18282111899133177
rouge_L,PSP1,Novel,0.18801998362527123,0.18431623680196957,0.011409540253912418,0.008974350219907085,0.17702702702702702,0.21409574468085105
rouge_L,PSP1,Base,0.18595045604903,0.1883026672034226,0.010851149740479196,0.016787358802705182,0.16920943134535368,0.19814682822523166
rouge_L,PSP2,Novel,0.1921739971121943,0.1897149262437901,0.009193456162831456,0.008648240848267513,0.17582417582417584,0.20757575757575758
rouge_L,PSP2,Base,0.2020950207369771,0.20304943521023924,0.008007531040395116,0.008227731520420445,0.1821335646140503,0.20872540633019673
rouge_L,PSP3,Novel,0.2020183422015996,0.19855769230769232,0.012013781562963873,0.009015381689477214,0.1858617950754567,0.22605965463108318
rouge_L,PSP3,Base,0.2113273397039932,0.20809248554913293,0.01060135053558902,0.009429290322691186,0.19289340101522842,0.23089983022071306
rouge_L,PSP4,Novel,0.2325601957869953,0.23115773115773117,0.01417116571071706,0.016316771912402467,0.21694378463974665,0.26195732155997054
rouge_L,PSP4,Base,0.24181226991976296,0.24582225126813284,0.016284910452624236,0.01997540918694876,0.21016949152542375,0.26094137076796037
rouge_L,PSP5,Novel,0.22053000332575118,0.22467955565050202,0.014505238263131489,0.017367746754482327,0.19582664526484753,0.23623304070231443
rouge_L,PSP5,Base,0.21532504131850977,0.21568385451175523,0.012670618633669634,0.014677919082975832,0.20033955857385402,0.23659574468085107
rouge_L,PSP6,Novel,0.16758978427225796,0.16640642323896815,0.007426525049269203,0.009432293107150491,0.15797546012269936,0.1798780487804878
rouge_L,PSP6,Base,0.16775947979832065,0.16840650124114476,0.0076323498686524174,0.010285499885284516,0.15445232466509065,0.17807089859851608
rouge_L,PSP7,Novel,0.19843374641819275,0.19747939124920735,0.00895282964783273,0.0074033987302797866,0.18530884808013354,0.21494542401343408
rouge_L,PSP7,Base,0.2008061891106486,0.19924992476864806,0.016320899853126285,0.01604902318736129,0.1710646041856233,0.2262210796915167
rouge_L,PSP8,Novel,0.15935995028381575,0.15750578595266912,0.00881574091487108,0.0135278433878738,0.14710485133020346,0.17216411906677392
rouge_L,PSP8,Base,0.17129840230839238,0.17030286413112072,0.007843184469800047,0.01289129926656754,0.16095890410958902,0.1825726141078838
rouge_L,PSP9,Novel,0.19320821018407305,0.1904138171174259,0.00763026213989595,0.012014894222093259,0.18316831683168314,0.20611916264090177
rouge_L,PSP9,Base,0.20069857677385322,0.2021521872630201,0.012977641116107644,0.01991288478903086,0.18298555377207062,0.22145922746781116
rouge_L,PSP10,Novel,0.16370694614940215,0.16305265571822442,0.00552727192415651,0.009348350069074335,0.1570945945945946,0.1719383617193836
rouge_L,PSP10,Base,0.1763678694401066,0.17559708309000793,0.006808807717916306,0.010053332538582871,0.164967562557924,0.18469656992084435
context_similarity,SSP1,Novel,0.9284398496150971,0.9263091087341309,0.01091406663493493,0.013950973749160767,0.9112831354141235,0.9451627135276794
context_similarity,SSP1,Base,0.9235092043876648,0.9252109825611115,0.012943751721659227,0.004491329193115234,0.8997319936752319,0.9443503618240356
context_similarity,SSP2,Novel,0.9372927069664001,0.9400410056114197,0.012587397070578535,0.01586182415485382,0.9089735746383667,0.9494703412055969
context_similarity,SSP2,Base,0.9365798890590668,0.9410293400287628,0.012128370032366612,0.015604525804519653,0.9162439107894897,0.9480084180831909
context_similarity,SSP3,Novel,0.9430281758308411,0.9430131018161774,0.00707686666995405,0.011090219020843506,0.9330806732177734,0.9523760080337524
context_similarity,SSP3,Base,0.947418075799942,0.9512311816215515,0.009628253956320505,0.009272083640098572,0.929582417011261,0.9574711322784424
context_similarity,SSP4,Novel,0.9231050491333008,0.9217696189880371,0.01061702509286449,0.012623906135559082,0.9043099880218506,0.9406688213348389
context_similarity,SSP4,Base,0.9339329957962036,0.9336275458335876,0.004698288712238945,0.005788028240203857,0.9268338680267334,0.9428261518478394
context_similarity,SSP5,Novel,0.9394745767116547,0.9446046352386475,0.01368115684276063,0.014687731862068176,0.9115506410598755,0.9535586833953857
context_similarity,SSP5,Base,0.9287721157073975,0.9301164150238037,0.012733564918420351,0.01278790831565857,0.903910756111145,0.9424222707748413
context_similarity,SSP6,Novel,0.9396686673164367,0.9385850429534912,0.007066390204351459,0.008993521332740784,0.928033709526062,0.9492679834365845
context_similarity,SSP6,Base,0.9202966392040253,0.9229960739612579,0.015295839719532855,0.00889633595943451,0.8870886564254761,0.9413753747940063
context_similarity,SSP7,Novel,0.9427594304084778,0.943025678396225,0.008009786980790095,0.011172175407409668,0.9322025775909424,0.9547010660171509
context_similarity,SSP7,Base,0.9431419909000397,0.9469946026802063,0.009693005859461454,0.012920141220092773,0.9260872006416321,0.9518290758132935
context_similarity,SSP8,Novel,0.9432726681232453,0.9467982947826385,0.012164698207676822,0.008337855339050293,0.9167468547821045,0.9554660320281982
context_similarity,SSP8,Base,0.9379475533962249,0.9414412379264832,0.014806847720086103,0.008615612983703613,0.9023967981338501,0.9525920748710632
context_similarity,SSP9,Novel,0.931692761182785,0.9306521415710449,0.008232605092694764,0.011071473360061646,0.9208284616470337,0.9468747973442078
context_similarity,SSP9,Base,0.9356928050518036,0.9359948039054871,0.005491745562312376,0.006837606430053711,0.9254189729690552,0.9445317983627319
context_similarity,SSP10,Novel,0.9236981451511384,0.9235691428184509,0.0074816027329506745,0.010312393307685852,0.9117342233657837,0.9337391257286072
context_similarity,SSP10,Base,0.9160895884037018,0.9181637167930603,0.01366373853767381,0.01317732036113739,0.8830528259277344,0.9324181079864502
context_similarity,CEP1,Novel,0.9512147665023803,0.9533732533454895,0.00636262817762485,0.011276274919509888,0.9422029256820679,0.9595418572425842
context_similarity,CEP1,Base,0.9454695880413055,0.9455426037311554,0.00481039407863062,0.004118293523788452,0.9381685256958008,0.9551041126251221
context_similarity,CEP2,Novel,0.9400233030319214,0.9393435716629028,0.016432458575716572,0.024290412664413452,0.9158951044082642,0.9660342335700989
context_similarity,CEP2,Base,0.9441821336746216,0.9431610405445099,0.007403992919849532,0.009938642382621765,0.9321724772453308,0.9562132358551025
context_similarity,CEP3,Novel,0.9308029353618622,0.9309048652648926,0.008198523344378223,0.007181316614151001,0.9174693822860718,0.9471145868301392
context_similarity,CEP3,Base,0.9253864228725434,0.9257197380065918,0.009549464245417872,0.009699538350105286,0.9041972160339355,0.9379737973213196
context_similarity,CEP4,Novel,0.9335079669952393,0.9327583909034729,0.016404741230408103,0.027077823877334595,0.9142224788665771,0.9574499130249023
context_similarity,CEP4,Base,0.9382777869701385,0.9379420578479767,0.019051148140247953,0.013697385787963867,0.9004623889923096,0.9657244086265564
context_similarity,CEP5,Novel,0.9527400851249694,0.9532935619354248,0.006457378735574877,0.01024453341960907,0.9432550668716431,0.9605374932289124
context_similarity,CEP5,Base,0.9393930613994599,0.9408301413059235,0.011573626769930652,0.008798599243164062,0.9183423519134521,0.9537131190299988
context_similarity,CEP6,Novel,0.948317575454712,0.9495076239109039,0.00943036459420383,0.011590570211410522,0.9330524802207947,0.9656260013580322
context_similarity,CEP6,Base,0.9379892945289612,0.9423906207084656,0.014639168653236606,0.012316524982452393,0.9067219495773315,0.9558666944503784
context_similarity,CEP7,Novel,0.9595765829086303,0.9601175785064697,0.005822917026798082,0.004054427146911621,0.9503002166748047,0.9710788726806641
context_similarity,CEP7,Base,0.9518979787826538,0.9522925615310669,0.011286818944838895,0.01413506269454956,0.9361815452575684,0.9683653116226196
context_similarity,CEP8,Novel,0.9406855821609497,0.9407322704792023,0.012453218035831949,0.016550034284591675,0.9157218337059021,0.9558733701705933
context_similarity,CEP8,Base,0.9413771748542785,0.940841555595398,0.014672432082012883,0.02293930947780609,0.9216027855873108,0.9595298767089844
context_similarity,CEP9,Novel,0.9609438478946686,0.9601829349994659,0.006002347728900668,0.010631725192070007,0.9541571140289307,0.969213604927063
context_similarity,CEP9,Base,0.9558359682559967,0.9576703011989594,0.008415942435188652,0.007836267352104187,0.9400261640548706,0.9659821391105652
context_similarity,CEP10,Novel,0.9615887582302094,0.9620615243911743,0.005348226738419801,0.00794936716556549,0.9526195526123047,0.9678015112876892
context_similarity,CEP10,Base,0.9512338936328888,0.9506240785121918,0.004104018746755787,0.00537717342376709,0.9449822306632996,0.9566829204559326
context_similarity,CT1,Novel,0.9181684076786041,0.9141892790794373,0.010458244175938745,0.01636117696762085,0.9076268672943115,0.9356274008750916
context_similarity,CT1,Base,0.917351770401001,0.9138045310974121,0.010525503380481974,0.013680458068847656,0.9044350385665894,0.9353770613670349
context_similarity,CT2,Novel,0.9346840977668762,0.9366678893566132,0.009403150405216056,0.007589906454086304,0.9165915250778198,0.9460122585296631
context_similarity,CT2,Base,0.9409546554088593,0.9422374665737152,0.009680364931012434,0.015589818358421326,0.9257302284240723,0.9534236788749695
context_similarity,CT3,Novel,0.9428633689880371,0.9404699504375458,0.011292191031436782,0.012680932879447937,0.9263232946395874,0.9639002084732056
context_similarity,CT3,Base,0.9438627898693085,0.9468477666378021,0.01171365570542961,0.013144969940185547,0.9239435195922852,0.9583705067634583
context_similarity,CT4,Novel,0.9383890748023986,0.9456059634685516,0.016848294808565964,0.021729573607444763,0.9057785272598267,0.9552409648895264
context_similarity,CT4,Base,0.940140962600708,0.9458574652671814,0.016080073135515537,0.009843707084655762,0.9012501239776611,0.9511942863464355
context_similarity,CT5,Novel,0.946696138381958,0.9487636685371399,0.0067787835398582345,0.006559506058692932,0.9295836687088013,0.9523276090621948
context_similarity,CT5,Base,0.9348925888538361,0.9351502060890198,0.012687786010547451,0.012111112475395203,0.9078585505485535,0.9535172581672668
context_similarity,CT6,Novel,0.9350655794143676,0.9389888942241669,0.015347133015596136,0.01625622808933258,0.9010693430900574,0.9523892402648926
context_similarity,CT6,Base,0.9312670886516571,0.9328212738037109,0.01413420714316684,0.01109449565410614,0.9048900604248047,0.9492231607437134
context_similarity,CT7,Novel,0.9475423395633698,0.9474512934684753,0.00474702991096609,0.006632611155509949,0.94112229347229,0.9547742009162903
context_similarity,CT7,Base,0.9384067296981812,0.9387324750423431,0.011267691150416514,0.01667170226573944,0.9223072528839111,0.9566366672515869
context_similarity,CT8,Novel,0.9489263653755188,0.9469431638717651,0.011641871083131484,0.010045826435089111,0.9319714307785034,0.9738394021987915
context_similarity,CT8,Base,0.9443951547145844,0.9441760778427124,0.014912877238919098,0.010023057460784912,0.9127398133277893,0.9701318740844727
context_similarity,CT9,Novel,0.9501162707805634,0.9509490132331848,0.009678212279882248,0.013790249824523926,0.933356523513794,0.965427577495575
context_similarity,CT9,Base,0.9391237914562225,0.943050354719162,0.017485776653975254,0.01560315489768982,0.9083374738693237,0.9657715559005737
context_similarity,CT10,Novel,0.9349040269851685,0.9382715821266174,0.01236324263309379,0.014902681112289429,0.9085488319396973,0.9505553245544434
context_similarity,CT10,Base,0.9285360932350158,0.9298365116119385,0.011173631739775723,0.010160356760025024,0.9031338691711426,0.9427642822265625
context_similarity,EXP1,Novel,0.9346040070056916,0.9344510436058044,0.0028865417817512395,0.0032214224338531494,0.9298781156539917,0.9401794672012329
context_similarity,EXP1,Base,0.9275821387767792,0.9259420037269592,0.00927356146135184,0.014454931020736694,0.9151291847229004,0.9393165111541748
context_similarity,EXP2,Novel,0.9282807767391205,0.9294011294841766,0.008531715371230942,0.007837936282157898,0.909290611743927,0.9392133951187134
context_similarity,EXP2,Base,0.9272406876087189,0.9271290898323059,0.007552260093615813,0.005079448223114014,0.9113583564758301,0.938774585723877
context_similarity,EXP3,Novel,0.9395037114620208,0.9393326044082642,0.005771874367367109,0.006548702716827393,0.92933589220047,0.9500249624252319
context_similarity,EXP3,Base,0.9464905440807343,0.9472614228725433,0.006119026454336652,0.0059376060962677,0.9356166124343872,0.9558001756668091
context_similarity,EXP4,Novel,0.9500571548938751,0.9534295201301575,0.011053870178858784,0.007116824388504028,0.9225745797157288,0.9587588906288147
context_similarity,EXP4,Base,0.9541566252708436,0.9543163180351257,0.006401869834594018,0.007703661918640137,0.9428212642669678,0.9648842811584473
context_similarity,EXP5,Novel,0.946191257238388,0.9467386305332184,0.0033129515928669896,0.005526885390281677,0.9412882924079895,0.9503402709960938
context_similarity,EXP5,Base,0.9235315203666687,0.9237672090530396,0.01523197680206204,0.021454498171806335,0.8986842632293701,0.9449216723442078
context_similarity,EXP6,Novel,0.9504808366298676,0.9511658549308777,0.004635515350795044,0.0051762014627456665,0.9445576667785645,0.9600306749343872
context_similarity,EXP6,Base,0.9474310040473938,0.9484735131263733,0.00949150322889199,0.011326119303703308,0.9303110837936401,0.9632070660591125
context_similarity,EXP7,Novel,0.9567657887935639,0.95908522605896,0.010849937404346444,0.013384848833084106,0.9377135038375854,0.970303475856781
context_similarity,EXP7,Base,0.9665621101856232,0.9660403728485107,0.003984132246451636,0.004916027188301086,0.9600005149841309,0.9730743169784546
context_similarity,EXP8,Novel,0.9253474950790406,0.9299623072147369,0.011599182845947725,0.017244473099708557,0.906948447227478,0.9387750029563904
context_similarity,EXP8,Base,0.9350988864898682,0.9373515844345093,0.009107909817225562,0.00854724645614624,0.9175472855567932,0.9493629932403564
context_similarity,EXP9,Novel,0.952033644914627,0.9542754292488098,0.00664472222664633,0.008162006735801697,0.9411725997924805,0.9610739946365356
context_similarity,EXP9,Base,0.9532085120677948,0.9527433514595032,0.007889528112308817,0.010026603937149048,0.938957691192627,0.966387927532196
context_similarity,EXP10,Novel,0.9425365447998046,0.9416175484657288,0.008029555635582431,0.006777644157409668,0.9277473092079163,0.9587631225585938
context_similarity,EXP10,Base,0.9342422127723694,0.935973197221756,0.012620575384191576,0.01073823869228363,0.9071238040924072,0.9531478881835938
context_similarity,POP1,Novel,0.9423650205135345,0.9448111951351166,0.00688817313431727,0.00758516788482666,0.9306210279464722,0.9509824514389038
context_similarity,POP1,Base,0.9373965620994568,0.9358203113079071,0.006655547273252862,0.008303716778755188,0.9278808832168579,0.9485195875167847
context_similarity,POP2,Novel,0.9485734283924103,0.9478156566619873,0.006193258077807457,0.009522020816802979,0.9392098784446716,0.9578167200088501
context_similarity,POP2,Base,0.9361163675785065,0.9407956600189209,0.011476927657671053,0.013975337147712708,0.9127259254455566,0.9488672018051147
context_similarity,POP3,Novel,0.9470412194728851,0.9472029209136963,0.004737476189937056,0.0047539472579956055,0.9380089640617371,0.9562548398971558
context_similarity,POP3,Base,0.9478075861930847,0.9467698633670807,0.007740693555927537,0.008909180760383606,0.9324253797531128,0.9592835903167725
context_similarity,POP4,Novel,0.9286862075328827,0.92904132604599,0.006843672501084756,0.0060399919748306274,0.9135876893997192,0.9389827251434326
context_similarity,POP4,Base,0.9191834270954132,0.9200653731822968,0.010174666454453618,0.009549900889396667,0.8938414454460144,0.9295352101325989
context_similarity,POP5,Novel,0.9331214368343353,0.9351286590099335,0.007731764061409626,0.009470239281654358,0.917655348777771,0.9417132139205933
context_similarity,POP5,Base,0.9323028504848481,0.9345676004886627,0.01377056549747545,0.01853935420513153,0.909268856048584,0.9497091174125671
context_similarity,POP6,Novel,0.9481440722942353,0.9469078183174133,0.011566859155449671,0.010177448391914368,0.9258838295936584,0.9707868099212646
context_similarity,POP6,Base,0.9487377822399139,0.9494849443435669,0.0087302674307134,0.010474011301994324,0.9372141361236572,0.963747501373291
context_similarity,POP7,Novel,0.9598091602325439,0.9611430764198303,0.006965175188681975,0.005335554480552673,0.9462190270423889,0.9706923365592957
context_similarity,POP7,Base,0.9533189237117767,0.9554152488708496,0.010158927729824989,0.00819021463394165,0.9307184219360352,0.9635107517242432
context_similarity,POP8,Novel,0.9422082126140594,0.9447454810142517,0.009430208577559903,0.017589330673217773,0.9283125996589661,0.9513697028160095
context_similarity,POP8,Base,0.92967449426651,0.9302732646465302,0.018500862770594644,0.029335513710975647,0.8980028629302979,0.952762246131897
context_similarity,POP9,Novel,0.9534258723258973,0.9530305564403534,0.004125248025752253,0.005680099129676819,0.9471142292022705,0.960369348526001
context_similarity,POP9,Base,0.9533727467060089,0.9556379914283752,0.005921105398420318,0.0032276809215545654,0.9405629634857178,0.9589031338691711
context_similarity,POP10,Novel,0.9389095664024353,0.9378945529460907,0.007345452837682861,0.003495931625366211,0.930851936340332,0.9566975831985474
context_similarity,POP10,Base,0.9321713209152221,0.9389548897743225,0.01637246890876081,0.01657576858997345,0.8957834839820862,0.9485815763473511
context_similarity,PSP1,Novel,0.945827841758728,0.9544927477836609,0.023288065904559098,0.013764366507530212,0.8872663378715515,0.9608875513076782
context_similarity,PSP1,Base,0.946041589975357,0.9478018283843994,0.009784024693039564,0.017695352435112,0.9329168200492859,0.9570411443710327
context_similarity,PSP2,Novel,0.9301322162151336,0.9299178123474121,0.0037149863763948888,0.004307955503463745,0.9248975515365601,0.9369094371795654
context_similarity,PSP2,Base,0.9390241265296936,0.938556432723999,0.0055496307196231985,0.005855366587638855,0.9315932393074036,0.9505078792572021
context_similarity,PSP3,Novel,0.9452467262744904,0.9423722624778748,0.006338091533792075,0.009115546941757202,0.937479555606842,0.9547828435897827
context_similarity,PSP3,Base,0.9470574140548706,0.948717325925827,0.009607719997351114,0.004217267036437988,0.9246246814727783,0.9602673053741455
context_similarity,PSP4,Novel,0.9517376303672791,0.9511243402957916,0.009162443965637729,0.011189505457878113,0.9380979537963867,0.9676316976547241
context_similarity,PSP4,Base,0.95151087641716,0.9515265822410583,0.00635687989243585,0.008350297808647156,0.942610502243042,0.9629102945327759
context_similarity,PSP5,Novel,0.9591352462768554,0.959406852722168,0.005689234827581408,0.005589142441749573,0.9510443210601807,0.9696961641311646
context_similarity,PSP5,Base,0.9607590973377228,0.9598024487495422,0.004208437807666861,0.005957022309303284,0.9559353590011597,0.968916654586792
context_similarity,PSP6,Novel,0.9447342932224274,0.9479400813579559,0.013158032105281596,0.012695878744125366,0.9158436059951782,0.9589455127716064
context_similarity,PSP6,Base,0.9392640888690948,0.9394453167915344,0.007823773688547987,0.010407581925392151,0.9287492632865906,0.9514514803886414
context_similarity,PSP7,Novel,0.938193267583847,0.9390498101711273,0.0070268553190141435,0.008299499750137329,0.9265197515487671,0.9476856589317322
context_similarity,PSP7,Base,0.9415902376174927,0.9428637325763702,0.007414448629140483,0.007259950041770935,0.9276986718177795,0.9526176452636719
context_similarity,PSP8,Novel,0.9404050052165985,0.9408296942710876,0.008615633914101148,0.013021394610404968,0.9272439479827881,0.953617513179779
context_similarity,PSP8,Base,0.93438560962677,0.9402783513069153,0.014367932490651282,0.016776546835899353,0.9102880954742432,0.9508565664291382
context_similarity,PSP9,Novel,0.9493958592414856,0.9499284029006958,0.00485233834322904,0.0047766417264938354,0.9385175704956055,0.955681562423706
context_similarity,PSP9,Base,0.9452765941619873,0.9461816549301147,0.007963986957516286,0.009628459811210632,0.9310183525085449,0.9553284049034119
context_similarity,PSP10,Novel,0.9501759231090545,0.9506405889987946,0.011236547647524506,0.0033821314573287964,0.9315778017044067,0.9673176407814026
context_similarity,PSP10,Base,0.9429889023303986,0.9456706345081329,0.011549172915982193,0.008106768131256104,0.9221475124359131,0.9590644836425781
